City_ID,City,Country,Date,Lat,Lng,Max Temp,Humidity,Cloudiness,Wind Speed
0,Cukai,MY,2022-02-03 04:14:57,4.25,103.4167,86.14,69,30,8.03
1,Puerto Ayora,EC,2022-02-03 04:14:58,-0.7393,-90.3518,74.55,93,1,4.0
2,Albany,US,2022-02-03 04:14:58,42.6001,-73.9662,44.55,82,100,3.31
3,Kodiak,US,2022-02-03 04:14:58,57.79,-152.4072,38.71,87,100,10.36
4,Pokhara,NP,2022-02-03 04:14:59,28.2333,83.9833,58.37,56,85,4.52
5,Karonga,MW,2022-02-03 04:14:59,-9.9333,33.9333,72.99,87,100,2.19
6,Banikoara,BJ,2022-02-03 04:14:59,11.2985,2.4386,65.12,12,60,5.19
7,Tasiilaq,GL,2022-02-03 04:14:59,65.6145,-37.6368,14.16,74,99,7.87
8,Tuatapere,NZ,2022-02-03 04:15:00,-46.1333,167.6833,57.81,63,100,8.84
9,Sumbawanga,TZ,2022-02-03 04:15:00,-7.9667,31.6167,57.6,97,100,2.44
10,Sao Joao Da Barra,BR,2022-02-03 04:15:01,-21.6403,-41.0511,73.15,94,100,8.41
11,Ushuaia,AR,2022-02-03 04:15:02,-54.8,-68.3,42.46,56,75,17.27
12,East London,ZA,2022-02-03 04:15:02,-33.0153,27.9116,70.74,100,100,8.05
13,Hermanus,ZA,2022-02-03 04:15:03,-34.4187,19.2345,65.89,81,0,14.25
14,Provideniya,RU,2022-02-03 04:15:04,64.3833,-173.3,2.07,71,98,23.69
15,Mbandaka,CD,2022-02-03 04:15:05,0.0487,18.2603,70.9,56,100,0.72
16,Moramanga,MG,2022-02-03 04:15:05,-18.9333,48.2,65.14,83,84,3.96
17,Avera,US,2022-02-03 04:11:10,33.194,-82.5271,58.71,95,100,6.62
18,Aklavik,CA,2022-02-03 04:15:06,68.2191,-135.0107,-24.77,98,100,3.76
19,Vaini,TO,2022-02-03 04:15:07,-21.2,-175.2,86.16,74,40,5.75
20,Fort Nelson,CA,2022-02-03 04:15:09,58.8053,-122.7002,-8.01,77,100,5.75
21,Rikitea,PF,2022-02-03 04:15:10,-23.1203,-134.9692,77.94,76,66,10.22
22,Punta Arenas,CL,2022-02-03 04:14:16,-53.15,-70.9167,42.91,70,40,3.44
23,Busselton,AU,2022-02-03 04:15:10,-33.65,115.3333,90.05,31,87,8.79
24,Haines Junction,CA,2022-02-03 04:15:10,60.7522,-137.5108,-16.65,83,100,1.14
25,Karpathos,GR,2022-02-03 04:15:11,35.507,27.2132,53.56,62,100,20.71
26,Ihosy,MG,2022-02-03 04:15:11,-22.4,46.1167,64.74,86,55,8.16
27,Sioux Lookout,CA,2022-02-03 04:11:02,50.1001,-91.917,-15.27,93,99,8.23
28,Port Blair,IN,2022-02-03 04:15:12,11.6667,92.75,80.64,74,40,9.22
29,Monte Alegre,BR,2022-02-03 04:15:12,-2.0078,-54.0692,73.53,90,98,3.31
30,Katsuura,JP,2022-02-03 04:15:12,35.1333,140.3,48.31,44,100,3.24
31,New Norfolk,AU,2022-02-03 04:15:13,-42.7826,147.0587,63.9,61,91,4.0
32,Arraial Do Cabo,BR,2022-02-03 04:14:13,-22.9661,-42.0278,75.0,88,99,4.76
33,Gudari,IN,2022-02-03 04:15:15,19.35,83.7833,74.59,69,62,3.18
34,Kapaa,US,2022-02-03 04:15:15,22.0752,-159.319,78.78,72,100,4.61
35,Tessalit,ML,2022-02-03 04:15:16,20.1986,1.0114,57.45,16,16,11.14
36,Barrow,US,2022-02-03 04:15:16,71.2906,-156.7887,-20.18,63,75,0.0
37,Mount Gambier,AU,2022-02-03 04:15:17,-37.8333,140.7667,66.4,48,32,13.6
38,Bengkulu,ID,2022-02-03 04:15:18,-3.8004,102.2655,83.35,70,70,6.33
39,Sao Filipe,CV,2022-02-03 04:15:18,14.8961,-24.4956,72.97,77,0,12.97
40,Arenapolis,BR,2022-02-03 04:15:19,-14.4503,-56.8461,71.62,96,54,3.8
41,Mahebourg,MU,2022-02-03 04:15:19,-20.4081,57.7,80.89,89,75,27.63
42,Saint-Denis,FR,2022-02-03 04:15:19,48.9167,2.3333,47.17,76,100,1.01
43,Hay River,CA,2022-02-03 04:15:20,60.8156,-115.7999,-29.22,68,0,2.3
44,Tamandare,BR,2022-02-03 04:15:20,-8.7597,-35.1047,78.51,78,49,6.58
45,Avarua,CK,2022-02-03 04:15:20,-21.2078,-159.775,82.45,78,40,16.11
46,Cockburn Town,TC,2022-02-03 04:16:21,21.4612,-71.1419,72.3,83,100,17.87
47,Alekseyevka,RU,2022-02-03 04:16:21,50.6309,38.6903,32.85,99,100,3.44
48,Geraldton,AU,2022-02-03 04:16:21,-28.7667,114.6,106.21,10,1,19.57
49,Butaritari,KI,2022-02-03 04:15:21,3.0707,172.7902,81.59,79,100,15.59
50,Jamestown,US,2022-02-03 04:16:22,42.097,-79.2353,38.52,68,100,1.01
51,Vila,PT,2022-02-03 04:16:22,42.0304,-8.1588,42.33,79,100,4.29
52,Mahajanga,MG,2022-02-03 04:16:23,-15.7167,46.3167,77.02,88,75,5.75
53,Mari-Turek,RU,2022-02-03 04:16:23,56.7895,49.6235,12.15,99,100,0.4
54,Catuday,PH,2022-02-03 04:16:23,16.2923,119.8062,82.06,60,5,6.04
55,Port Elizabeth,ZA,2022-02-03 04:16:24,-33.918,25.5701,71.1,88,75,12.66
56,Copperas Cove,US,2022-02-03 04:13:07,31.1241,-97.9031,36.05,95,100,24.16
57,Thompson,CA,2022-02-03 04:16:25,55.7435,-97.8558,-14.64,70,0,11.5
58,Hilo,US,2022-02-03 04:16:26,19.7297,-155.09,73.4,79,100,4.61
59,Cabo San Lucas,MX,2022-02-03 04:16:26,22.8909,-109.9124,69.51,70,81,4.0
60,Hearst,CA,2022-02-03 04:16:26,49.6835,-83.6665,-10.95,91,100,7.34
61,Mataura,NZ,2022-02-03 04:16:27,-46.1927,168.8643,57.47,68,100,5.19
62,Chara,RU,2022-02-03 04:16:27,56.9064,118.2631,-14.75,91,75,1.39
63,Ancud,CL,2022-02-03 04:16:27,-41.8697,-73.8203,56.73,92,74,3.51
64,Izhma,RU,2022-02-03 04:16:28,65.0083,53.9113,13.59,98,100,3.87
65,Poum,NC,2022-02-03 04:16:28,-20.2333,164.0167,81.19,70,0,0.94
66,Cape Town,ZA,2022-02-03 04:12:19,-33.9258,18.4232,66.11,88,1,10.11
67,Castro,BR,2022-02-03 04:16:28,-24.7911,-50.0119,62.38,99,15,6.15
68,Weligama,LK,2022-02-03 04:16:29,5.9667,80.4167,81.99,63,10,3.09
69,Hobart,AU,2022-02-03 04:15:01,-42.8794,147.3294,64.26,55,75,21.85
70,Dikson,RU,2022-02-03 04:16:29,73.5069,80.5464,-5.67,95,100,13.02
71,Luganville,VU,2022-02-03 04:16:30,-15.5333,167.1667,82.94,81,99,4.12
72,Trairi,BR,2022-02-03 04:16:30,-3.2778,-39.2689,77.22,86,93,7.02
73,Ambon,ID,2022-02-03 04:16:30,-3.6954,128.1814,91.54,52,40,6.91
74,Lebu,CL,2022-02-03 04:16:31,-37.6167,-73.65,58.17,95,66,8.1
75,Atuona,PF,2022-02-03 04:15:20,-9.8,-139.0333,78.71,75,100,17.58
76,Saskylakh,RU,2022-02-03 04:16:31,71.9167,114.0833,-32.39,100,17,2.42
77,Comodoro Rivadavia,AR,2022-02-03 04:16:32,-45.8667,-67.5,73.26,38,0,5.75
78,Winslow,US,2022-02-03 04:16:32,35.0242,-110.6974,26.78,25,0,1.01
79,Norman Wells,CA,2022-02-03 04:15:45,65.282,-126.8329,-25.56,68,100,9.22
80,Vila Velha,BR,2022-02-03 04:13:06,-20.3297,-40.2925,75.15,96,100,1.01
81,Carnarvon,AU,2022-02-03 04:16:32,-24.8667,113.6333,89.67,55,3,12.66
82,Bilibino,RU,2022-02-03 04:16:33,68.0546,166.4372,-4.09,63,0,5.23
83,Seymchan,RU,2022-02-03 04:16:33,62.8833,152.4333,-12.24,96,87,2.24
84,Marovoay,MG,2022-02-03 04:16:34,-16.1,46.6333,77.14,87,76,1.36
85,Torbay,CA,2022-02-03 04:16:35,47.6666,-52.7314,26.28,90,40,16.11
86,Nikolskoye,RU,2022-02-03 04:16:35,59.7035,30.7861,17.49,100,95,1.1
87,Ouadda,CF,2022-02-03 04:16:35,8.0777,22.4007,71.15,22,74,4.41
88,Bet Shemesh,IL,2022-02-03 04:16:36,31.7496,34.9888,52.57,47,0,5.93
89,Mehamn,NO,2022-02-03 04:16:36,71.0357,27.8492,15.75,86,0,10.36
90,Sorland,NO,2022-02-03 04:16:36,67.667,12.6934,27.86,60,100,11.07
91,Namibe,AO,2022-02-03 04:16:37,-15.1961,12.1522,70.57,74,29,7.47
92,Ayr,GB,2022-02-03 04:16:37,55.4627,-4.6339,49.1,87,100,14.97
93,Beloha,MG,2022-02-03 04:16:37,-25.1667,45.05,72.68,71,0,11.39
94,Bredasdorp,ZA,2022-02-03 04:16:38,-34.5322,20.0403,65.28,82,0,6.53
95,Antalaha,MG,2022-02-03 04:17:38,-14.9003,50.2788,76.5,77,100,2.8
96,Namatanai,PG,2022-02-03 04:17:38,-3.6667,152.4333,79.56,83,100,10.18
97,Kaman,IN,2022-02-03 04:17:39,27.65,77.2667,58.5,57,74,15.77
98,Imbituba,BR,2022-02-03 04:17:39,-28.24,-48.6703,76.89,90,82,10.67
99,Olafsvik,IS,2022-02-03 04:17:40,64.8945,-23.7142,28.42,52,18,2.73
100,Moussoro,TD,2022-02-03 04:17:40,13.6408,16.4901,59.41,15,3,8.86
101,Minchinabad,PK,2022-02-03 04:17:40,30.163,73.5685,56.12,75,93,15.26
102,Hithadhoo,MV,2022-02-03 04:17:41,-0.6,73.0833,81.59,70,6,4.07
103,Rocha,UY,2022-02-03 04:17:41,-34.4833,-54.3333,65.73,97,27,6.98
104,Tiksi,RU,2022-02-03 04:17:41,71.6872,128.8694,-2.47,91,100,9.8
105,Saint-Philippe,RE,2022-02-03 04:17:41,-21.3585,55.7679,83.79,94,100,37.11
106,Talnakh,RU,2022-02-03 04:17:42,69.4865,88.3972,-10.86,98,100,6.85
107,Kingaroy,AU,2022-02-03 04:17:42,-26.5333,151.8333,73.83,93,100,6.13
108,Roald,NO,2022-02-03 04:17:43,62.5833,6.1333,35.33,74,75,16.11
109,Lasa,IT,2022-02-03 04:17:43,46.6166,10.7002,40.46,94,52,8.1
110,Bafoulabe,ML,2022-02-03 04:17:44,13.8065,-10.8321,74.1,15,58,5.44
111,Cherskiy,RU,2022-02-03 04:17:44,68.75,161.3,-19.46,82,82,2.98
112,Cayenne,GF,2022-02-03 04:15:20,4.9333,-52.3333,79.09,88,75,5.01
113,Jiaozuo,CN,2022-02-03 04:17:46,35.2397,113.2331,42.46,40,16,3.74
114,Bandarbeyla,SO,2022-02-03 04:17:46,9.4942,50.8122,75.54,68,15,16.6
115,Richards Bay,ZA,2022-02-03 04:17:46,-28.783,32.0377,75.78,85,6,14.79
116,Bambous Virieux,MU,2022-02-03 04:17:47,-20.3428,57.7575,80.85,89,75,27.63
117,Labuhan,ID,2022-02-03 04:17:47,-6.8844,112.2051,84.96,68,79,7.11
118,Mikhaylovka,RU,2022-02-03 04:17:47,50.06,43.2379,36.79,100,100,14.14
119,Douglas,US,2022-02-03 04:17:48,41.3,-96.167,10.98,49,75,4.0
120,Kalmunai,LK,2022-02-03 04:17:48,7.4167,81.8167,79.45,65,49,4.03
121,Yar-Sale,RU,2022-02-03 04:17:49,66.8333,70.8333,5.43,96,100,8.81
122,Touros,BR,2022-02-03 04:17:49,-5.1989,-35.4608,77.9,79,57,10.09
123,La Ronge,CA,2022-02-03 04:16:31,55.1001,-105.2842,-25.35,75,0,4.61
124,Kununurra,AU,2022-02-03 04:17:49,-15.7667,128.7333,89.58,58,100,12.66
125,Kaitangata,NZ,2022-02-03 04:17:50,-46.2817,169.8464,59.94,71,100,4.68
126,San Juan,AR,2022-02-03 04:17:50,-31.5375,-68.5364,79.3,41,97,5.84
127,Cidreira,BR,2022-02-03 04:17:50,-30.1811,-50.2056,75.58,88,6,20.96
128,Sharlyk,RU,2022-02-03 04:17:51,52.9167,54.75,22.69,95,100,13.53
129,Mar Del Plata,AR,2022-02-03 04:17:51,-38.0023,-57.5575,72.09,86,100,5.01
130,Yellowknife,CA,2022-02-03 04:15:13,62.456,-114.3525,-29.7,80,20,6.91
131,Akkermanovka,RU,2022-02-03 04:17:51,51.2467,58.2391,4.78,97,94,2.33
132,Mastic Beach,US,2022-02-03 04:17:52,40.7668,-72.8521,40.01,90,100,0.0
133,Kuala Terengganu,MY,2022-02-03 04:17:52,5.3302,103.1408,84.15,79,40,6.91
134,Presidente Epitacio,BR,2022-02-03 04:17:53,-21.7633,-52.1156,72.57,95,100,5.44
135,San Cristobal,VE,2022-02-03 04:17:53,7.7669,-72.225,69.98,61,8,1.54
136,Dok Kham Tai,TH,2022-02-03 04:17:53,19.1624,99.9934,80.49,23,4,1.95
137,Leningradskiy,RU,2022-02-03 04:17:54,69.3833,178.4167,-13.43,91,22,9.86
138,Qaanaaq,GL,2022-02-03 04:15:20,77.484,-69.3632,-10.25,81,100,6.62
139,Porto Novo,BJ,2022-02-03 04:17:19,6.4965,2.6036,76.82,87,26,4.34
140,Vostok,RU,2022-02-03 04:17:54,46.4856,135.8833,3.97,84,100,7.99
141,Santiago De Cao,PE,2022-02-03 04:17:55,-7.9589,-79.2392,69.78,82,95,13.29
142,Faanui,PF,2022-02-03 04:18:55,-16.4833,-151.75,81.41,77,13,19.57
143,Constitucion,CL,2022-02-03 04:18:56,-35.3333,-72.4167,56.88,88,70,4.43
144,Husavik,IS,2022-02-03 04:18:56,66.0449,-17.3389,3.11,95,96,0.69
145,Upernavik,GL,2022-02-03 04:18:57,72.7868,-56.1549,-8.37,64,100,6.49
146,Airai,TL,2022-02-03 04:18:57,-8.9266,125.4092,72.93,63,95,5.59
147,Praia,CV,2022-02-03 04:18:57,14.9215,-23.5087,72.14,60,1,20.71
148,Qeshm,IR,2022-02-03 04:18:58,26.9581,56.2719,64.29,43,0,16.93
149,Lavrentiya,RU,2022-02-03 04:18:58,65.5833,-171.0,0.54,64,1,22.57
150,Xingyi,CN,2022-02-03 04:18:59,24.1877,102.817,50.74,68,75,6.98
151,Kangundo,KE,2022-02-03 04:18:59,-1.2979,37.3471,57.94,91,99,1.1
152,Ceres,US,2022-02-03 04:16:14,37.5949,-120.9577,53.06,51,0,12.66
153,Belaya Gora,RU,2022-02-03 04:18:59,68.5333,146.4167,-26.48,99,27,1.25
154,Harlingen,US,2022-02-03 04:15:28,26.1906,-97.6961,74.34,94,100,10.36
155,Hami,CN,2022-02-03 04:19:02,42.8,93.45,26.55,31,96,0.89
156,Bayan,CN,2022-02-03 04:19:03,46.0833,127.4,5.9,83,84,9.22
157,Pisco,PE,2022-02-03 04:19:04,-13.7,-76.2167,66.25,88,0,12.66
158,Tuktoyaktuk,CA,2022-02-03 04:19:04,69.4541,-133.0374,-18.4,76,75,10.36
159,Cape Coast,GH,2022-02-03 04:19:05,5.1053,-1.2466,78.17,83,78,5.39
160,Gua Musang,MY,2022-02-03 04:19:06,4.8823,101.9644,87.22,58,62,2.59
161,Baranain,ES,2022-02-03 04:19:07,42.8057,-1.6773,41.23,86,82,1.14
162,Axim,GH,2022-02-03 04:19:07,4.8699,-2.2405,77.65,85,58,1.16
163,Chapais,CA,2022-02-03 04:19:08,49.7834,-74.8492,2.98,91,100,6.89
164,Pevek,RU,2022-02-03 04:19:09,69.7008,170.3133,-6.81,72,2,3.98
165,Nicoya,CR,2022-02-03 04:19:09,10.1483,-85.452,73.15,78,26,3.78
166,Port Lincoln,AU,2022-02-03 04:19:10,-34.7333,135.8667,67.55,56,25,14.81
167,Svetlogorsk,BY,2022-02-03 04:19:11,52.6333,29.7333,31.46,99,100,3.22
168,Severo-Kurilsk,RU,2022-02-03 04:19:12,50.6789,156.125,30.72,77,100,9.84
169,Daoukro,CI,2022-02-03 04:19:12,7.0591,-3.9631,63.43,24,9,1.32
170,Clyde River,CA,2022-02-03 04:19:13,70.4692,-68.5914,-16.37,76,100,17.27
171,Sri Aman,MY,2022-02-03 04:19:13,1.2376,111.4621,87.85,74,40,3.44
172,Kavieng,PG,2022-02-03 04:19:14,-2.5744,150.7967,80.1,79,100,13.87
173,Chuy,UY,2022-02-03 04:19:14,-33.6971,-53.4616,70.32,90,1,10.89
174,Chokurdakh,RU,2022-02-03 04:19:14,70.6333,147.9167,-23.35,98,68,6.58
175,Colares,PT,2022-02-03 04:19:15,38.7992,-9.4469,55.33,75,100,1.01
176,Luderitz,NA,2022-02-03 04:19:15,-26.6481,15.1594,67.08,80,58,5.14
177,Victoria,HK,2022-02-03 04:15:54,22.2855,114.1577,60.24,82,100,5.01
178,Porto Recanati,IT,2022-02-03 04:19:15,43.4365,13.6613,47.3,10,0,10.94
179,Souillac,MU,2022-02-03 04:19:16,-20.5167,57.5167,80.98,89,75,27.63
180,Fort Pierce,US,2022-02-03 04:19:16,27.4467,-80.3256,72.05,72,0,5.01
181,Akdepe,TM,2022-02-03 04:19:17,42.0551,59.3788,30.29,73,6,10.76
182,Nanortalik,GL,2022-02-03 04:19:18,60.1432,-45.2371,18.99,79,100,11.97
183,Anadyr,RU,2022-02-03 04:19:19,64.75,177.4833,14.5,73,0,33.55
184,Khasan,RU,2022-02-03 04:19:19,42.4308,130.6434,21.2,44,3,20.58
185,Los Llanos De Aridane,ES,2022-02-03 04:19:19,28.6585,-17.9182,65.12,71,0,1.01
186,Sitka,US,2022-02-03 04:19:20,57.0531,-135.33,37.29,93,100,3.44
187,Nemuro,JP,2022-02-03 04:18:06,43.3236,145.575,27.03,65,7,6.58
188,Praya,CV,2022-02-03 04:19:20,14.9215,-23.5087,72.14,60,1,20.71
189,Carmen Del Parana,PY,2022-02-03 04:20:21,-27.2333,-56.2167,87.93,38,10,5.99
190,Kiruna,SE,2022-02-03 04:20:21,67.8557,20.2251,-3.08,92,100,0.0
191,Alta Floresta,BR,2022-02-03 04:20:21,-9.8756,-56.0861,71.17,95,78,1.63
192,Pangnirtung,CA,2022-02-03 04:20:22,66.1451,-65.7125,6.22,82,100,8.57
193,Bluff,NZ,2022-02-03 04:20:23,-46.6,168.3333,57.79,61,100,17.05
194,Hirara,JP,2022-02-03 04:20:23,24.8,125.2833,71.87,88,75,8.05
195,Yerbogachen,RU,2022-02-03 04:20:24,61.2767,108.0108,1.35,94,100,6.49
196,Ahipara,NZ,2022-02-03 04:20:24,-35.1667,173.1667,74.97,66,92,13.35
197,Taltal,CL,2022-02-03 04:20:25,-25.4,-70.4833,67.32,75,0,2.8
198,Rock Sound,BS,2022-02-03 04:20:25,24.9,-76.2,73.15,64,4,18.52
199,Makakilo City,US,2022-02-03 04:20:26,21.3469,-158.0858,75.56,64,100,3.44
200,Troitsko-Pechorsk,RU,2022-02-03 04:20:26,62.7084,56.1964,21.04,95,100,6.91
201,Sandpoint,US,2022-02-03 04:20:27,48.2766,-116.5533,22.68,80,100,0.0
202,Ust-Nera,RU,2022-02-03 04:20:27,64.5667,143.2,-6.56,99,100,2.46
203,Iqaluit,CA,2022-02-03 04:20:28,63.7506,-68.5145,10.13,85,75,10.36
204,Swakopmund,NA,2022-02-03 04:20:29,-22.6833,14.5333,65.98,84,1,3.0
205,Weyburn,CA,2022-02-03 04:20:29,49.6668,-103.8511,-19.82,69,21,10.36
206,Gazojak,TM,2022-02-03 04:18:06,41.1875,61.4036,37.31,58,0,10.16
207,Awjilah,LY,2022-02-03 04:20:30,29.1081,21.2869,50.16,69,19,17.45
208,Saint George,US,2022-02-03 04:20:31,37.1041,-113.5841,36.63,24,0,1.99
209,Condado,CU,2022-02-03 04:20:31,21.8767,-79.8403,72.45,90,5,7.4
210,Port Hardy,CA,2022-02-03 04:20:32,50.6996,-127.4199,41.76,93,100,13.8
211,Ponta Delgada,PT,2022-02-03 04:20:32,37.7333,-25.6667,60.49,82,20,8.05
212,Villa Carlos Paz,AR,2022-02-03 04:20:33,-31.4241,-64.4978,68.25,42,54,1.01
213,Micheweni,TZ,2022-02-03 04:20:34,-4.9667,39.8333,79.97,81,98,8.03
214,Ossora,RU,2022-02-03 04:20:34,59.2353,163.0719,10.38,77,100,10.27
215,Mawlaik,MM,2022-02-03 04:20:35,23.6333,94.4167,71.26,44,0,3.58
216,Gat,IL,2022-02-03 04:20:35,31.61,34.7642,54.39,50,0,7.25
217,Georgetown,MY,2022-02-03 04:20:36,5.4112,100.3354,91.33,74,40,3.44
218,Broome,US,2022-02-03 04:20:36,42.2506,-75.833,40.37,78,100,1.99
219,Mbour,SN,2022-02-03 04:20:37,14.422,-16.9638,72.45,71,73,7.27
220,Ostrov,RU,2022-02-03 04:20:38,57.3439,28.3537,19.13,98,100,2.37
221,Wynyard,AU,2022-02-03 04:20:38,-41.0,145.7167,71.98,44,65,8.95
222,Rudnogorsk,RU,2022-02-03 04:20:38,57.2639,103.7519,-2.13,95,98,2.26
223,Dingle,PH,2022-02-03 04:20:39,10.9995,122.6711,84.78,67,81,14.54
224,Lagoa,PT,2022-02-03 04:20:40,39.05,-27.9833,57.31,73,2,2.13
225,Gao,ML,2022-02-03 04:20:40,16.6362,1.637,59.92,15,18,13.51
226,Longyearbyen,SJ,2022-02-03 04:20:40,78.2186,15.6401,13.84,67,0,23.02
227,Khatanga,RU,2022-02-03 04:20:41,71.9667,102.5,-35.3,99,33,1.36
228,Along,IN,2022-02-03 04:20:41,28.1667,94.7667,61.72,57,96,0.92
229,Doha,QA,2022-02-03 04:20:42,25.2867,51.5333,60.78,72,0,3.44
230,Tianpeng,CN,2022-02-03 04:20:43,30.9866,103.9393,41.47,60,9,4.56
231,Dembi Dolo,ET,2022-02-03 04:20:43,8.5333,34.8,65.05,41,91,4.09
232,Guerrero Negro,MX,2022-02-03 04:20:44,27.9769,-114.0611,58.73,28,0,15.86
233,Fort-Shevchenko,KZ,2022-02-03 04:20:44,44.5086,50.263,41.68,77,46,17.47
234,Aldan,RU,2022-02-03 04:21:45,58.6031,125.3894,-9.83,91,100,5.14
235,Saint-Georges,GD,2022-02-03 04:21:45,12.0564,-61.7485,78.48,78,20,23.02
236,Ewa Beach,US,2022-02-03 04:21:46,21.3156,-158.0072,76.98,63,75,0.0
237,Serafimovich,RU,2022-02-03 04:21:46,49.5786,42.736,36.63,100,100,14.32
238,Jacmel,HT,2022-02-03 04:21:47,18.2342,-72.5347,73.24,80,18,3.69
239,Marsh Harbour,BS,2022-02-03 04:21:47,26.5412,-77.0636,71.04,72,46,20.94
240,Padang,ID,2022-02-03 04:19:48,-0.9492,100.3543,84.25,67,76,3.85
241,Coahuayana,MX,2022-02-03 04:21:48,18.7333,-103.6833,66.33,83,0,3.69
242,Vao,NC,2022-02-03 04:21:49,-22.6667,167.4833,79.48,71,100,8.28
243,Bad Harzburg,DE,2022-02-03 04:21:50,51.8833,10.5667,39.88,88,100,5.66
244,Port Alfred,ZA,2022-02-03 04:21:50,-33.5906,26.891,73.04,91,90,12.35
245,Sterling,US,2022-02-03 04:21:51,39.0062,-77.4286,43.52,87,100,3.44
246,Atikokan,CA,2022-02-03 04:21:51,48.7555,-91.6216,-16.82,97,100,5.06
247,Mazatlan,MX,2022-02-03 04:21:51,23.2167,-106.4167,70.02,85,20,0.0
248,Villanueva De La Serena,ES,2022-02-03 04:21:52,38.9766,-5.7974,49.82,76,50,3.0
249,Gubkinskiy,RU,2022-02-03 04:17:20,64.434,76.5026,13.57,95,100,12.59
250,Atar,MR,2022-02-03 04:21:52,20.5169,-13.0499,68.67,23,0,7.29
251,Garowe,SO,2022-02-03 04:21:53,8.4054,48.4845,64.58,82,0,7.92
252,Mackenzie,CA,2022-02-03 04:21:53,55.2999,-123.1698,3.42,92,100,2.3
253,Gberia Fotombu,SL,2022-02-03 04:21:53,9.8833,-11.1667,66.15,14,5,4.38
254,Nueva Italia,PY,2022-02-03 04:21:54,-25.6167,-57.5,85.66,45,89,10.07
255,Demba,CD,2022-02-03 04:21:55,-5.51,22.2667,68.56,99,100,0.87
256,Pangody,RU,2022-02-03 04:21:56,65.85,74.4859,5.2,96,100,12.24
257,Ocos,GT,2022-02-03 04:21:56,14.5094,-92.1933,79.32,73,1,2.77
258,Nalut,LY,2022-02-03 04:21:57,30.3333,10.85,41.97,56,11,9.8
259,Kiunga,PG,2022-02-03 04:21:57,-6.1219,141.2906,93.63,39,98,3.44
260,Olinda,BR,2022-02-03 04:21:57,-8.0089,-34.8553,82.13,74,40,5.75
261,Marzuq,YE,2022-02-03 04:21:58,14.4,46.4667,59.77,37,16,2.57
262,Vestmannaeyjar,IS,2022-02-03 04:21:58,63.4427,-20.2734,29.05,80,72,16.64
263,Bighapur,IN,2022-02-03 04:21:58,26.35,80.6833,57.25,56,82,16.04
264,Buta,CD,2022-02-03 04:21:59,2.7858,24.73,72.9,59,100,0.54
265,Chabahar,IR,2022-02-03 04:22:00,25.2919,60.643,68.25,35,0,10.29
266,Nisia Floresta,BR,2022-02-03 04:22:01,-6.0911,-35.2086,80.98,85,67,6.26
267,Saint-Joseph,RE,2022-02-03 04:22:01,-21.3667,55.6167,82.78,92,100,34.38
268,Abu Samrah,SY,2022-02-03 04:22:02,35.3029,37.1841,45.54,58,66,10.51
269,Ca Mau,VN,2022-02-03 04:22:03,9.1769,105.15,90.05,49,62,14.76
270,Cooma,AU,2022-02-03 04:22:04,-36.2333,149.1333,66.65,35,3,12.3
271,Lethem,GY,2022-02-03 04:22:05,3.3803,-59.7968,79.05,65,18,10.33
272,Rincon,US,2022-02-03 04:22:05,32.296,-81.2354,59.45,95,75,4.61
273,Codrington,AU,2022-02-03 04:22:07,-38.2667,141.9667,61.75,61,99,16.73
274,Shelburne,CA,2022-02-03 04:19:47,44.0787,-80.2041,24.76,95,100,12.82
275,Qurayyat,SA,2022-02-03 04:22:08,31.3318,37.3428,42.98,52,0,0.0
276,Yulara,AU,2022-02-03 04:22:08,-25.2406,130.9889,75.04,41,100,14.97
277,Mwinilunga,ZM,2022-02-03 04:22:09,-11.7358,24.4293,59.56,97,100,3.02
278,Huarmey,PE,2022-02-03 04:22:09,-10.0681,-78.1522,71.06,81,97,10.04
279,Hofn,IS,2022-02-03 04:23:10,64.2539,-15.2082,30.99,62,100,13.65
280,Vardo,NO,2022-02-03 04:23:10,70.3705,31.1107,29.59,56,100,17.96
281,Viedma,AR,2022-02-03 04:23:10,-40.8135,-62.9967,71.38,43,38,6.35
282,Zhangjiakou,CN,2022-02-03 04:23:11,40.81,114.8794,17.64,43,15,7.43
283,Muyezerskiy,RU,2022-02-03 04:23:11,63.9333,31.65,-3.55,100,96,2.68
284,Hasaki,JP,2022-02-03 04:23:12,35.7333,140.8333,53.89,37,100,6.96
285,Vila Franca Do Campo,PT,2022-02-03 04:23:12,37.7167,-25.4333,60.19,76,62,8.99
286,Caravelas,BR,2022-02-03 04:23:12,-17.7125,-39.2481,75.02,91,17,3.38
287,Garden City,US,2022-02-03 04:21:12,42.3256,-83.331,25.48,91,100,10.36
288,Havre-Saint-Pierre,CA,2022-02-03 04:23:13,50.2334,-63.5986,28.99,93,100,11.5
289,Kabalo,CD,2022-02-03 04:23:13,-6.05,26.9167,68.56,96,100,2.13
290,Aswan,EG,2022-02-03 04:23:14,24.0934,32.907,55.85,36,0,5.86
291,Hidalgo,MX,2022-02-03 04:23:14,20.5,-99.0,63.97,53,50,2.28
292,Palmer,US,2022-02-03 04:23:14,42.1584,-72.3287,39.85,82,100,0.0
293,Oeiras,BR,2022-02-03 04:23:15,-7.0253,-42.1311,73.65,63,38,0.63
294,Shinpokh,PK,2022-02-03 04:23:15,34.3292,71.1782,45.81,39,30,5.14
295,Kruisfontein,ZA,2022-02-03 04:23:15,-34.0033,24.7314,68.88,83,100,8.57
296,Ugoofaaru,MV,2022-02-03 04:23:16,5.6667,73.0,80.73,72,17,6.33
297,Necochea,AR,2022-02-03 04:23:16,-38.5473,-58.7368,66.04,74,81,10.45
298,San Andres,CO,2022-02-03 04:19:16,12.5847,-81.7006,80.62,78,20,10.36
299,Atambua,ID,2022-02-03 04:23:16,-9.1061,124.8925,80.64,72,80,9.1
300,Klaksvik,FO,2022-02-03 04:23:17,62.2266,-6.589,36.52,98,100,11.83
301,Sorong,ID,2022-02-03 04:23:17,-0.8833,131.25,83.28,69,100,5.28
302,Esperance,AU,2022-02-03 04:23:18,-33.8667,121.9,82.24,47,8,16.87
303,Singkang,MY,2022-02-03 04:23:18,2.1006,102.7994,85.89,53,29,3.91
304,Itarema,BR,2022-02-03 04:23:18,-2.9248,-39.9167,78.75,80,100,9.89
305,Rio Novo Do Sul,BR,2022-02-03 04:23:20,-20.8625,-40.9364,72.95,96,100,2.51
306,Novhorodka,UA,2022-02-03 04:23:20,48.3651,32.6578,27.57,94,100,4.61
307,Moree,AU,2022-02-03 04:23:21,-29.4667,149.85,78.82,65,75,14.97
308,Kysyl-Syr,RU,2022-02-03 04:23:21,63.8986,122.7617,-11.74,94,100,5.06
309,Bethel,US,2022-02-03 04:23:22,41.3712,-73.414,39.31,90,100,5.75
310,Rzhyshchiv,UA,2022-02-03 04:23:23,49.9689,31.0463,34.18,94,84,5.88
311,Taloqan,AF,2022-02-03 04:23:23,36.7361,69.5345,39.52,81,98,0.63
312,Matamoros,MX,2022-02-03 04:20:00,25.5333,-103.25,69.91,17,75,12.66
313,Umm Kaddadah,SD,2022-02-03 04:23:24,13.6017,26.6876,65.48,22,43,7.76
314,Ayan,RU,2022-02-03 04:23:24,56.45,138.1667,-1.07,65,100,16.04
315,Batouri,CM,2022-02-03 04:23:24,4.4333,14.3667,67.1,38,32,2.28
316,Jackson,US,2022-02-03 04:23:25,42.4165,-122.8345,39.07,78,0,5.75
317,Hervey Bay,AU,2022-02-03 04:23:26,-25.2986,152.8535,87.04,75,98,10.0
318,Yelizovo,RU,2022-02-03 04:23:26,53.1873,158.3805,33.94,55,75,11.01
319,Myrtle Beach,US,2022-02-03 04:23:27,33.6891,-78.8867,54.03,89,100,8.05
320,Westport,US,2022-02-03 04:23:01,41.1415,-73.3579,40.55,96,100,1.01
321,Aktyubinskiy,RU,2022-02-03 04:23:27,54.8137,52.8056,27.01,96,100,15.52
322,America Dourada,BR,2022-02-03 04:23:27,-11.4553,-41.4361,68.4,73,0,5.75
323,Urmary,RU,2022-02-03 04:23:28,55.6789,47.944,17.58,97,100,2.86
324,Karratha,AU,2022-02-03 04:23:28,-20.7377,116.8463,91.17,47,70,12.24
325,Qasigiannguit,GL,2022-02-03 04:23:28,68.8193,-51.1922,-0.15,66,100,10.11
326,Weiser,US,2022-02-03 04:24:29,44.251,-116.9693,30.47,75,99,2.86
327,Moroni,KM,2022-02-03 04:24:29,-11.7022,43.2551,78.8,83,20,5.75
328,Turbat,PK,2022-02-03 04:24:30,26.0023,63.044,63.45,15,1,27.36
329,Finnsnes,NO,2022-02-03 04:24:30,69.2296,17.9811,15.76,95,97,5.93
330,Ucluelet,CA,2022-02-03 04:24:31,48.9329,-125.5528,43.09,92,100,4.68
331,Chagoda,RU,2022-02-03 04:24:31,59.164,35.3285,10.53,98,99,2.46
332,Dhari,IN,2022-02-03 04:24:31,21.3333,71.0167,71.87,63,34,11.01
333,College,US,2022-02-03 04:21:55,64.8569,-147.8028,-23.01,68,40,0.0
334,Nara,JP,2022-02-03 04:24:32,34.6851,135.8049,47.97,41,100,9.19
335,Pacific Grove,US,2022-02-03 04:20:00,36.6177,-121.9166,54.57,43,0,3.0
336,Shimoda,JP,2022-02-03 04:24:32,34.6667,138.95,52.16,49,92,24.72
337,Oranjemund,NA,2022-02-03 04:24:33,-28.55,16.4333,67.48,83,100,1.81
338,Tura,IN,2022-02-03 04:24:33,25.5198,90.2201,69.15,37,63,2.33
339,La Macarena,CO,2022-02-03 04:24:33,2.1837,-73.7849,74.91,52,79,2.08
340,Mayumba,GA,2022-02-03 04:24:34,-3.432,10.6554,76.73,87,100,4.38
341,Camopi,GF,2022-02-03 04:24:34,3.1655,-52.3158,71.51,100,100,1.54
342,Biak,ID,2022-02-03 04:24:34,-0.9131,122.8766,84.94,60,99,1.28
343,Honiara,SB,2022-02-03 04:24:35,-9.4333,159.95,81.18,84,100,7.78
344,Nizhniy Odes,RU,2022-02-03 04:24:35,63.6445,54.856,21.72,96,100,6.2
345,Saldanha,ZA,2022-02-03 04:24:35,-33.0117,17.9442,60.85,91,0,8.01
346,Evensk,RU,2022-02-03 04:24:35,61.95,159.2333,21.11,41,9,22.32
347,Vazhiny,RU,2022-02-03 04:24:36,60.9644,34.0222,-10.01,100,100,0.81
348,Boden,SE,2022-02-03 04:24:36,65.8252,21.6886,6.8,98,99,3.56
349,Talcahuano,CL,2022-02-03 04:24:37,-36.7167,-73.1167,60.48,77,100,4.61
350,Ribeira Grande,PT,2022-02-03 04:24:37,38.5167,-28.7,58.93,70,16,3.27
351,Drayton Valley,CA,2022-02-03 04:24:37,53.2168,-114.9854,-1.08,95,100,1.07
352,Portland,US,2022-02-03 04:21:06,45.5234,-122.6762,45.63,95,100,1.01
353,Sinnamary,GF,2022-02-03 04:24:38,5.3833,-52.95,77.58,83,100,11.05
354,Tadine,NC,2022-02-03 04:24:38,-21.55,167.8833,82.53,74,97,11.5
355,Znamenskoye,RU,2022-02-03 04:24:38,57.1281,73.8282,15.42,97,99,5.84
356,Marawi,PH,2022-02-03 04:24:39,7.9986,124.2928,72.64,55,100,4.59
357,Okha,RU,2022-02-03 04:24:39,53.5739,142.9478,5.52,91,100,25.26
358,Naze,JP,2022-02-03 04:22:20,28.3667,129.4833,54.52,87,100,19.1
359,Santa Marta,CO,2022-02-03 04:24:40,11.2408,-74.199,82.45,61,20,6.91
360,Acarau,BR,2022-02-03 04:24:40,-2.8856,-40.12,78.49,82,100,10.13
361,Mecca,SA,2022-02-03 04:24:40,21.4267,39.8261,67.66,75,0,2.35
362,Tondano,ID,2022-02-03 04:24:41,1.3038,124.9112,69.89,82,99,3.47
363,Adrar,MR,2022-02-03 04:24:41,20.5022,-10.0711,62.47,17,0,11.14
364,Raudeberg,NO,2022-02-03 04:24:41,61.9875,5.1352,35.87,74,100,3.0
365,Tual,ID,2022-02-03 04:24:42,-5.6667,132.75,82.02,77,96,10.76
366,Ponta Do Sol,PT,2022-02-03 04:24:42,32.6667,-17.1,67.71,72,99,9.69
367,Northam,GB,2022-02-03 04:24:43,51.0333,-4.2167,46.02,97,100,8.86
368,Yaan,NG,2022-02-03 04:24:43,7.3833,8.5667,74.44,48,20,4.16
369,Baarn,NL,2022-02-03 04:24:43,52.2117,5.2875,47.98,92,100,4.0
370,Ostrovnoy,RU,2022-02-03 04:21:11,68.0531,39.5131,20.1,90,100,14.45
371,Abu Road,IN,2022-02-03 04:25:44,24.4833,72.7833,66.42,53,0,3.69
372,Nosy Varika,MG,2022-02-03 04:25:44,-20.5833,48.5333,74.84,79,52,13.87
373,San Carlos,VE,2022-02-03 04:25:44,9.6612,-68.5827,80.13,61,92,3.04
374,Lompoc,US,2022-02-03 04:25:45,34.6391,-120.4579,54.79,48,0,3.44
375,Tarnobrzeg,PL,2022-02-03 04:25:46,50.573,21.6794,34.41,82,89,9.73
376,Varniai,LT,2022-02-03 04:25:46,55.7406,22.3644,19.09,97,47,3.96
377,Turan,VN,2022-02-03 04:25:46,16.0678,108.2208,75.18,69,75,9.22
378,Bajil,YE,2022-02-03 04:25:47,15.0584,43.2851,75.33,83,100,1.28
379,Melfort,CA,2022-02-03 04:25:47,52.8667,-104.6177,-27.27,68,5,9.22
380,Paamiut,GL,2022-02-03 04:25:47,61.994,-49.6678,22.91,76,100,21.63
381,Hirtshals,DK,2022-02-03 04:25:48,57.5881,9.9592,39.02,87,100,10.78
382,Anloga,GH,2022-02-03 04:25:48,5.7947,0.8973,79.93,80,27,10.92
383,La Palma,US,2022-02-03 04:22:01,33.8464,-118.0467,61.41,16,0,5.01
384,Salalah,OM,2022-02-03 04:25:48,17.0151,54.0924,77.09,27,0,2.3
385,Cap Malheureux,MU,2022-02-03 04:25:49,-19.9842,57.6142,81.09,91,100,17.0
386,Bereda,ES,2022-02-03 04:25:49,43.2686,-7.5406,46.15,97,98,1.39
387,Grand Gaube,MU,2022-02-03 04:25:49,-20.0064,57.6608,81.0,91,100,17.0
388,Moshenskoye,RU,2022-02-03 04:25:50,58.5102,34.5911,3.85,100,98,0.43
389,Sabzevar,IR,2022-02-03 04:25:50,36.2126,57.6819,27.68,80,0,6.91
390,Hernani,ES,2022-02-03 04:25:50,43.2662,-1.9762,46.0,83,0,1.01
391,Nyurba,RU,2022-02-03 04:25:51,63.2842,118.3319,-19.89,98,98,3.0
392,Sur,OM,2022-02-03 04:25:51,22.5667,59.5289,71.91,46,0,18.43
393,Kahului,US,2022-02-03 04:25:52,20.8947,-156.47,78.06,73,40,4.61
394,Toora-Khem,RU,2022-02-03 04:21:19,52.4675,96.11,-7.22,97,100,1.66
395,Mao,ES,2022-02-03 04:25:52,39.8885,4.2658,48.76,93,0,4.61
396,Kavaratti,IN,2022-02-03 04:25:52,10.5669,72.642,79.93,70,12,8.08
397,Ardakan,IR,2022-02-03 04:25:53,32.31,54.0175,43.18,40,0,2.86
398,Nhulunbuy,AU,2022-02-03 04:25:53,-12.2333,136.7667,88.41,70,75,12.66
399,Wajid,SO,2022-02-03 04:25:54,3.8093,43.2471,73.6,70,100,21.25
400,Pierre,US,2022-02-03 04:25:54,44.3683,-100.351,3.85,67,20,3.44
401,Tilichiki,RU,2022-02-03 04:25:55,60.4667,166.1,6.37,80,93,10.33
402,Manokwari,ID,2022-02-03 04:25:55,-0.8667,134.0833,81.14,75,86,6.44
403,Saint-Pierre,RE,2022-02-03 04:25:56,-21.3393,55.4781,83.88,51,100,31.07
404,Birin,NP,2022-02-03 04:25:56,26.8865,88.0718,51.57,54,8,4.63
405,Ballitoville,ZA,2022-02-03 04:25:56,-29.539,31.2144,78.17,88,1,1.14
406,Batagay,RU,2022-02-03 04:25:57,67.6333,134.6333,-26.27,97,99,0.63
407,Torrington,US,2022-02-03 04:25:57,41.8007,-73.1212,39.72,95,100,3.2
408,Saint-Leu,RE,2022-02-03 04:25:57,-21.15,55.2833,83.26,91,100,15.52
409,Bartica,GY,2022-02-03 04:25:58,6.4,-58.6167,75.52,95,4,1.14
410,Rio Gallegos,AR,2022-02-03 04:24:27,-51.6226,-69.2181,42.85,87,20,1.14
411,Whitianga,NZ,2022-02-03 04:26:58,-36.8333,175.7,71.98,69,98,8.79
412,Celestun,MX,2022-02-03 04:26:59,20.8667,-90.4,78.78,65,0,15.12
413,Aktash,RU,2022-02-03 04:26:59,50.3,87.7333,-6.5,94,74,4.21
414,Santa Cruz Del Sur,CU,2022-02-03 04:26:59,20.7147,-77.9956,73.35,82,1,16.37
415,Muli,MV,2022-02-03 04:27:00,2.9167,73.5667,82.17,69,7,8.66
416,Kingman,US,2022-02-03 04:27:00,35.1894,-114.053,38.68,12,0,7.0
417,Adancata,RO,2022-02-03 04:27:01,47.7333,26.3,35.78,76,0,14.97
418,Bjornevatn,NO,2022-02-03 04:27:02,69.6672,29.9847,7.14,92,100,2.3
419,Alyangula,AU,2022-02-03 04:27:03,-13.8483,136.4192,89.47,62,100,9.22
420,Bathsheba,BB,2022-02-03 04:27:04,13.2167,-59.5167,77.61,73,20,18.41
421,Bairiki,KI,2022-02-03 04:27:04,1.3292,172.9752,86.0,79,20,6.91
422,Lannion,FR,2022-02-03 04:27:05,48.75,-3.4167,43.41,99,100,5.75
423,Flinders,AU,2022-02-03 04:27:05,-34.5833,150.8552,75.79,58,62,11.01
424,Rawson,AR,2022-02-03 04:27:05,-43.3002,-65.1023,67.48,54,72,4.21
425,Tpig,RU,2022-02-03 04:27:06,41.7801,47.589,33.93,34,43,9.35
426,Vathi,GR,2022-02-03 04:27:06,38.4,23.6,47.71,78,75,8.05
427,Thinadhoo,MV,2022-02-03 04:26:49,0.5333,72.9333,82.18,71,5,7.45
428,Requena,ES,2022-02-03 04:27:07,39.4883,-1.1004,45.72,46,26,5.93
429,Moerai,PF,2022-02-03 04:27:07,-22.4333,-151.3333,80.04,76,100,15.26
430,Monterey,US,2022-02-03 04:27:07,36.2505,-121.2516,48.09,34,0,5.23
431,Hailar,CN,2022-02-03 04:27:08,49.2,119.7,-9.69,89,39,4.34
432,Bonavista,CA,2022-02-03 04:27:10,48.6499,-53.1147,27.12,70,33,21.27
433,Upata,VE,2022-02-03 04:27:11,8.0086,-62.3989,74.19,88,24,6.73
434,Narsaq,GL,2022-02-03 04:27:11,60.9167,-46.05,12.42,60,100,15.28
435,Meadow Lake,US,2022-02-03 04:27:11,34.8014,-106.5436,20.61,91,100,14.41
436,Vanimo,PG,2022-02-03 04:27:12,-2.6741,141.3028,82.36,74,77,5.37
437,Robertsport,LR,2022-02-03 04:27:12,6.7533,-11.3686,75.83,92,17,6.71
438,Muros,ES,2022-02-03 04:27:13,42.7762,-9.0603,53.24,91,100,7.65
439,Chemax,MX,2022-02-03 04:27:13,20.65,-87.9333,70.2,99,8,3.33
440,Puri,IN,2022-02-03 04:27:13,19.8,85.85,77.52,63,22,11.97
441,Stavern,NO,2022-02-03 04:27:14,59.0,10.0333,30.18,91,100,6.73
442,Douentza,ML,2022-02-03 04:27:14,14.9951,-2.9517,60.76,16,0,3.15
443,Mangrol,IN,2022-02-03 04:27:15,21.1167,70.1167,75.02,64,32,13.2
444,Vaitape,PF,2022-02-03 04:27:15,-16.5167,-151.75,81.41,77,16,19.62
445,Lorengau,PG,2022-02-03 04:27:15,-2.0226,147.2712,78.98,81,100,4.14
446,Saquarema,BR,2022-02-03 04:27:16,-22.92,-42.5103,73.51,91,99,1.86
447,Flin Flon,CA,2022-02-03 04:27:16,54.7682,-101.865,-21.86,100,13,5.61
448,Hobyo,SO,2022-02-03 04:27:16,5.3505,48.5268,77.97,71,100,16.82
449,Churapcha,RU,2022-02-03 04:27:17,62.0025,132.4325,-21.78,90,100,3.51
450,Chernyshevskiy,RU,2022-02-03 04:27:17,63.0128,112.4714,-10.35,94,94,2.01
451,Tomohon,ID,2022-02-03 04:27:18,1.3346,124.8392,68.94,85,99,3.69
452,Dvorichna,UA,2022-02-03 04:27:18,49.8496,37.6857,32.92,99,100,2.35
453,San Quintin,MX,2022-02-03 04:27:18,30.4833,-115.95,57.38,56,0,3.29
454,Beringovskiy,RU,2022-02-03 04:27:19,63.05,179.3167,9.14,74,100,22.46
455,Tateyama,JP,2022-02-03 04:27:19,34.9833,139.8667,52.14,48,99,8.59
456,Guantanamo,CU,2022-02-03 04:27:19,20.1444,-75.2092,72.97,86,44,3.89
457,Batamshinskiy,KZ,2022-02-03 04:27:20,50.5594,58.2747,3.18,87,94,9.89
458,Puerto Del Rosario,ES,2022-02-03 04:28:20,28.5004,-13.8627,69.48,56,100,4.61
459,Ouro Fino,BR,2022-02-03 04:28:20,-22.2831,-46.3692,64.24,98,100,3.51
460,Sandviken,SE,2022-02-03 04:23:52,60.6167,16.7667,21.43,83,77,2.68
461,Malanje,AO,2022-02-03 04:28:21,-9.5402,16.341,60.78,91,90,3.78
462,Omboue,GA,2022-02-03 04:28:21,-1.5746,9.2618,77.43,85,100,5.28
463,San Patricio,US,2022-02-03 04:24:37,28.017,-97.5169,71.69,84,100,4.25
464,Carutapera,BR,2022-02-03 04:28:22,-1.195,-46.02,76.86,90,100,7.27
465,Louisville,US,2022-02-03 04:26:50,38.2542,-85.7594,49.75,92,100,5.01
466,Samarai,PG,2022-02-03 04:28:22,-10.6167,150.6667,85.06,68,100,10.18
467,Laguna,US,2022-02-03 04:28:22,38.421,-121.4238,52.93,48,0,1.99
468,Ocampo,MX,2022-02-03 04:28:23,21.65,-101.5,53.69,35,0,7.49
469,Lensk,RU,2022-02-03 04:28:23,60.7253,114.9278,-5.55,93,93,6.55
470,Mitsamiouli,KM,2022-02-03 04:28:23,-11.3847,43.2844,79.09,83,20,5.75
471,Grindavik,IS,2022-02-03 04:28:24,63.8424,-22.4338,27.07,86,75,5.75
472,Mogapi,BW,2022-02-03 04:28:24,-22.323,27.8349,70.0,67,24,4.97
473,Prince Rupert,CA,2022-02-03 04:28:25,54.3161,-130.3201,39.29,100,100,3.44
474,San Policarpo,PH,2022-02-03 04:28:26,12.1791,125.5072,81.3,81,85,12.55
475,Rabo De Peixe,PT,2022-02-03 04:28:26,37.8,-25.5833,59.27,95,20,8.05
476,Milton,US,2022-02-03 04:27:26,34.1322,-84.3007,48.2,92,100,4.0
477,Anderson,US,2022-02-03 04:28:27,34.5334,-82.6499,47.39,78,100,3.0
478,Lahij,YE,2022-02-03 04:28:27,13.1667,44.5833,70.41,80,99,7.25
479,Ngunguru,NZ,2022-02-03 04:28:27,-35.6167,174.5,75.16,78,86,12.97
480,Matara,LK,2022-02-03 04:28:28,5.9485,80.5353,82.42,61,8,4.14
481,Misratah,LY,2022-02-03 04:28:28,32.3754,15.0925,58.44,70,48,23.33
482,Bhikangaon,IN,2022-02-03 04:28:28,21.8667,75.95,73.58,34,2,9.08
483,Camacha,PT,2022-02-03 04:28:29,33.0833,-16.3333,62.53,88,40,6.91
484,Weilmunster,DE,2022-02-03 04:28:29,50.4333,8.3667,45.66,97,100,5.59
485,Buncrana,IE,2022-02-03 04:28:30,55.1333,-7.45,48.88,85,98,14.7
486,Polunochnoye,RU,2022-02-03 04:28:30,60.8697,60.4153,4.91,98,100,2.62
487,Trinidad,BO,2022-02-03 04:28:30,-14.8333,-64.9,73.0,98,32,3.65
488,Korla,CN,2022-02-03 04:28:30,41.7597,86.1469,27.28,43,54,5.7
489,Jingcheng,CN,2022-02-03 04:28:31,32.0142,120.2625,49.01,50,54,7.07
490,Acapulco,MX,2022-02-03 04:28:31,16.8634,-99.8901,76.82,73,20,5.75
491,Panguna,PG,2022-02-03 04:28:31,-6.3164,155.4848,71.11,96,100,2.73
492,Saint-Francois,FR,2022-02-03 04:28:32,46.4154,3.9054,40.41,99,100,5.75
493,Yhu,PY,2022-02-03 04:28:32,-25.05,-55.9167,77.36,68,29,8.41
494,Katangli,RU,2022-02-03 04:28:32,51.7102,143.2326,6.04,93,100,22.41
495,Paramonga,PE,2022-02-03 04:28:33,-10.6667,-77.8333,70.29,83,32,8.16
496,Shiraz,IR,2022-02-03 04:28:33,29.6036,52.5388,33.24,80,0,0.0
497,Coihaique,CL,2022-02-03 04:28:33,-45.5752,-72.0662,57.15,82,20,4.61
498,Harper,LR,2022-02-03 04:28:35,4.375,-7.7169,77.68,81,7,0.25
499,Vieques,PR,2022-02-03 04:28:35,18.425,-65.8329,77.04,88,75,3.44
500,Vorokhta,UA,2022-02-03 04:28:35,48.2869,24.5719,14.88,98,99,3.15
501,Mlowo,TZ,2022-02-03 04:28:36,-9.0,32.9833,59.34,95,100,2.71
502,Kayes,ML,2022-02-03 04:28:36,14.0,-11.0,74.03,15,77,7.29
503,Zaozerne,UA,2022-02-03 04:28:37,45.1582,33.2787,39.94,95,100,12.75
504,Eyl,SO,2022-02-03 04:29:37,7.9803,49.8164,72.28,78,14,16.2
505,Puerto Baquerizo Moreno,EC,2022-02-03 04:29:37,-0.9,-89.6,73.98,86,0,8.23
506,Coquimbo,CL,2022-02-03 04:29:38,-29.9533,-71.3436,62.33,88,0,2.3
507,Port-Gentil,GA,2022-02-03 04:29:38,-0.7193,8.7815,80.4,77,100,11.07
508,Faxinal,BR,2022-02-03 04:29:38,-24.0003,-51.3194,64.85,98,49,3.29
509,Gizo,SB,2022-02-03 04:29:38,-8.103,156.8419,79.84,85,100,14.38
510,Le Port,RE,2022-02-03 04:29:39,-20.9373,55.2919,84.2,93,100,21.36
511,Ostersund,SE,2022-02-03 04:29:39,63.1792,14.6357,5.45,92,100,3.44
512,Bukavu,CD,2022-02-03 04:29:40,-2.5083,28.8608,62.58,93,100,0.81
513,Vanavara,RU,2022-02-03 04:29:40,60.34,102.2797,2.86,93,100,3.91
514,Ormara,PK,2022-02-03 04:28:23,25.2088,64.6357,65.73,28,5,25.1
515,Inhambane,MZ,2022-02-03 04:29:40,-23.865,35.3833,76.1,83,15,1.12
516,Cairns,AU,2022-02-03 04:26:39,-16.9167,145.7667,93.15,69,100,10.36
517,Hurricane,US,2022-02-03 04:29:41,37.1753,-113.2899,34.7,33,0,8.21
518,Hede,CN,2022-02-03 04:29:41,33.7681,120.2517,43.02,33,52,7.36
519,Razgrad,BG,2022-02-03 04:29:41,43.5333,26.5167,28.9,97,100,4.99
520,Teluknaga,ID,2022-02-03 04:29:42,-6.0989,106.6381,86.63,79,40,8.01
521,Yumen,CN,2022-02-03 04:29:42,40.2833,97.2,25.38,39,19,5.03
522,Kousseri,CM,2022-02-03 04:29:42,12.0769,15.0306,58.96,17,0,6.91
523,Chapayevka,UA,2022-02-03 04:29:43,47.4711,36.3451,33.53,100,100,4.12
524,Cuyo,PH,2022-02-03 04:29:43,10.8525,121.0086,80.47,80,0,16.49
525,Bahia Honda,CU,2022-02-03 04:29:43,22.9036,-83.1592,69.91,87,0,7.63
526,Tolaga Bay,NZ,2022-02-03 04:29:44,-38.3667,178.3,78.6,49,94,17.25
527,Moa,CU,2022-02-03 04:29:44,20.6569,-74.9403,74.89,84,77,13.8
528,Djambala,CG,2022-02-03 04:29:45,-2.5447,14.7533,68.38,94,100,2.64
529,Kerchevskiy,RU,2022-02-03 04:29:45,59.946,56.2884,21.13,94,100,8.23
530,Ranong,TH,2022-02-03 04:29:45,9.9658,98.6348,87.73,56,31,7.87
531,Balkanabat,TM,2022-02-03 04:29:46,39.5108,54.3671,50.23,30,4,8.57
532,Goderich,CA,2022-02-03 04:29:46,43.7501,-81.7165,25.12,93,100,13.8
533,Walvis Bay,NA,2022-02-03 04:29:46,-22.9575,14.5053,66.09,78,1,5.17
534,Yuncheng,CN,2022-02-03 04:29:36,35.0231,110.9928,41.41,42,8,4.45
535,Loudi,CN,2022-02-03 04:29:47,27.7344,111.9944,43.57,62,57,2.57
536,Ampanihy,MG,2022-02-03 04:29:47,-24.7,44.75,73.26,62,0,9.06
537,Nizwa,OM,2022-02-03 04:29:48,22.9333,57.5333,65.16,45,0,5.97
538,Sinazongwe,ZM,2022-02-03 04:29:48,-17.2614,27.4618,72.63,85,5,2.24
539,Hamilton,US,2022-02-03 04:29:49,39.1834,-84.5333,47.25,95,100,8.99
540,Ust-Kuyga,RU,2022-02-03 04:29:49,70.0167,135.6,-25.56,96,61,6.51
541,Saint Anthony,US,2022-02-03 04:29:49,45.0205,-93.218,0.25,65,0,3.0
542,Kanniyakumari,IN,2022-02-03 04:29:50,8.0833,77.5667,79.36,62,3,11.39
543,Khorixas,NA,2022-02-03 04:29:50,-20.3667,14.9667,63.25,59,1,4.63
544,Fortuna,US,2022-02-03 04:29:50,40.5982,-124.1573,48.92,85,100,1.01
545,Fasa,IR,2022-02-03 04:29:52,28.9383,53.6482,33.04,75,0,0.0
546,Pastavy,BY,2022-02-03 04:29:52,55.1168,26.8326,23.52,93,99,7.02
547,Gorin,RU,2022-02-03 04:29:52,51.1983,136.6669,4.44,85,99,2.08
548,Resen,MK,2022-02-03 04:29:52,41.0889,21.0122,23.95,86,20,6.24
549,Sechura,PE,2022-02-03 04:29:53,-5.5569,-80.8222,72.36,73,51,12.68
550,Voh,NC,2022-02-03 04:29:53,-20.9667,164.7,87.13,58,3,6.85
551,Buguruslan,RU,2022-02-03 04:29:53,53.6554,52.442,29.03,96,100,16.04
552,Batagay-Alyta,RU,2022-02-03 04:29:54,67.8006,130.4114,-20.29,95,69,2.66
553,Galveston,US,2022-02-03 04:30:54,29.3669,-94.9669,67.17,95,100,12.66
554,Seoul,KR,2022-02-03 04:30:55,37.5683,126.9778,34.56,33,0,9.22
555,Port Shepstone,ZA,2022-02-03 04:30:55,-30.7414,30.455,78.37,87,93,15.7
556,Baruun-Urt,MN,2022-02-03 04:30:56,46.6806,113.2792,1.78,72,15,6.31
557,Shubarshi,KZ,2022-02-03 04:30:57,48.5872,57.1869,18.05,89,77,10.49
